,mutUniformInt_mean,mutUniformInt_std,mutDataAug_mean,mutDataAug_std
0,0.44496742393135374,0.12134963788763686,,
1,,,0.585334392479523,0.09599685172106733
