,mutUniformInt_mean,mutUniformInt_std,mutDataAug_mean,mutDataAug_std
0,204.66666666666666,30.039233604663675,,
1,,,300.4,39.88449991329129
