,mutUniformInt_mean,mutUniformInt_std,mutDataAug_mean,mutDataAug_std
0,0.7626226488649859,0.039798657488948216,,
1,,,0.8193315636106241,0.025904104215817417
