,mutUniformInt_mean,mutUniformInt_std,mutDataAug_mean,mutDataAug_std
0,229.06666666666666,31.655366404801292,,
1,,,186.46666666666667,5.264556539306568
