,knn_mean,knn_std,redundancy,redundancy_std,dis_1,dis_1_std,dis_2,dis_2_std
0,0.6098765432098766,0.24384013092552875,80.16666666666667,41.63525482622203,0.12234977324263038,0.035274373907283316,0.02825030012004802,0.006397688958722863
1,0.48489667565139266,0.2597283123901875,150.59622641509435,54.16685598820417,0.38127887947631883,0.08453888236970306,0.12504887928541195,0.04036962097305874
2,0.49607240074946085,0.2536484803947336,158.0556792873051,43.720961932340025,0.3899339802736239,0.07765727640922836,0.1219033067143526,0.039217341641435435
