,mutUniformInt_mean,mutUniformInt_std,mutDataAug_mean,mutDataAug_std
0,0.6037950363981698,0.18270480113724638,,
1,,,0.7023329780450737,0.13649863772994106
