,mutUniformInt_mean,mutUniformInt_std,mutDataAug_mean,mutDataAug_std
0,216.86666666666667,33.18205673084309,,
1,,,243.43333333333334,63.67452831042846
