,knn_mean,knn_std,redundancy,redundancy_std,dis_1,dis_1_std,dis_2,dis_2_std
0,0.665679012345679,0.23673385961146684,202.3,124.30915314471238,0.32203798185941046,0.09996836533993822,0.03634337068160598,0.00963350168806812
1,0.4862398112398112,0.258937666843118,161.36655405405406,74.88619132816791,0.644863055019305,0.11912574802312767,0.2675843107210513,0.12015636808528003
2,0.4953607503607504,0.2535625168955149,168.80227272727274,79.66469215815054,0.6484085111317254,0.11443276403498456,0.2536060415957997,0.11872766710513688
